INSERT INTO public.gen_sample (id, creation_date, description, name) VALUES (324, now(), '$DESIGN#Enrich_Solid-Tumor_V3', '21T019303');
INSERT INTO public.gen_sample (id, creation_date, description, name) VALUES (325, now(),'$DESIGN#Enrich_Solid-Tumor_V3', '21T019957');
INSERT INTO public.gen_sample (id, creation_date, description, name) VALUES (326, now(),'$DESIGN#Enrich_Solid-Tumor_V3', '21T020508');
INSERT INTO public.gen_sample (id, creation_date, description, name) VALUES (327, now(),'$DESIGN#Enrich_Solid-Tumor_V3', '21T021468');
INSERT INTO public.gen_sample (id, creation_date, description, name) VALUES (328, now(),'$DESIGN#Enrich_Solid-Tumor_V3', '21T021956');
INSERT INTO public.gen_sample (id, creation_date, description, name) VALUES (329, now(),'$DESIGN#Enrich_Solid-Tumor_V3', '21T022010');
INSERT INTO public.gen_sample (id, creation_date, description, name) VALUES (330, now(),'$DESIGN#Enrich_Solid-Tumor_V3', '21T022129');
INSERT INTO public.gen_sample (id, creation_date, description, name) VALUES (331, now(),'$DESIGN#Enrich_Solid-Tumor_V3 & $DISEASE#skin melanoma & $TISSUE#skin', '21T022151');
INSERT INTO public.gen_sample (id, creation_date, description, name) VALUES (332, now(),'$DESIGN#Enrich_Solid-Tumor_V3', '21T022155');
INSERT INTO public.gen_sample (id, creation_date, description, name) VALUES (333, now(),'$DESIGN#Enrich_Solid-Tumor_V3', '21T022283');
INSERT INTO public.gen_sample (id, creation_date, description, name) VALUES (334, now(),'$DESIGN#Enrich_Solid-Tumor_V3', '21T022387');
INSERT INTO public.gen_sample (id, creation_date, description, name) VALUES (335, now(),'$DESIGN#Enrich_Solid-Tumor_V3', 'TEM-TS-260521');
INSERT INTO public.gen_sample (id, creation_date, description, name) VALUES (336, now(),'$DESIGN#Enrich_Solid-Tumor_V3', '21T019929');
INSERT INTO public.gen_sample (id, creation_date, description, name) VALUES (337, now(),'$DESIGN#Enrich_Solid-Tumor_V3', '21T022082');
INSERT INTO public.gen_sample (id, creation_date, description, name) VALUES (338, now(),'$DESIGN#Enrich_Solid-Tumor_V3', '21T022088');
INSERT INTO public.gen_sample (id, creation_date, description, name) VALUES (339, now(),'$DESIGN#Enrich_Solid-Tumor_V3', '21T022146');
INSERT INTO public.gen_sample (id, creation_date, description, name) VALUES (340, now(),'$DESIGN#Enrich_Solid-Tumor_V3', '21T022149');
INSERT INTO public.gen_sample (id, creation_date, description, name) VALUES (341, now(),'$DESIGN#Enrich_Solid-Tumor_V3', '21T022190');
INSERT INTO public.gen_sample (id, creation_date, description, name) VALUES (342, now(),'$DESIGN#Enrich_Solid-Tumor_V3', '21T022378');



insert into public.gen_software (id, category, description, name)
values  (35, 'conversion', 'Conversion Software both demultiplexes data and converts BCL files generated by Illumina sequencing systems to standard FASTQ file formats for downstream analysis.', 'bcl2fastq'),
        (36, 'variant analysis', 'Workflow to detect, filter and annotate somatic variants from reads from capture protocols and Illumina sequencing.', 'oryci');
		
		
		
		
insert into public.gen_analysis (id, cmd, end_date, software_version, start_date, software_id)
values  (95, null, null, null, null, 35),
        (96, '{''R1'': [''/MiSeqDx1/210529_M70265_0465_000000000-JHLN6/Data/Intensities/BaseCalls/21T019303_S1_L001_R1_001.fastq.gz'', ''/MiSeqDx1/210529_M70265_0465_000000000-JHLN6/Data/Intensities/BaseCalls/21T019929_S13_L001_R1_001.fastq.gz'', ''/MiSeqDx1/210529_M70265_0465_000000000-JHLN6/Data/Intensities/BaseCalls/21T019957_S2_L001_R1_001.fastq.gz'', ''/MiSeqDx1/210529_M70265_0465_000000000-JHLN6/Data/Intensities/BaseCalls/21T020508_S3_L001_R1_001.fastq.gz'', ''/MiSeqDx1/210529_M70265_0465_000000000-JHLN6/Data/Intensities/BaseCalls/21T021468_S4_L001_R1_001.fastq.gz'', ''/MiSeqDx1/210529_M70265_0465_000000000-JHLN6/Data/Intensities/BaseCalls/21T021956_S5_L001_R1_001.fastq.gz'', ''/MiSeqDx1/210529_M70265_0465_000000000-JHLN6/Data/Intensities/BaseCalls/21T022010_S6_L001_R1_001.fastq.gz'', ''/MiSeqDx1/210529_M70265_0465_000000000-JHLN6/Data/Intensities/BaseCalls/21T022082_S14_L001_R1_001.fastq.gz'', ''/MiSeqDx1/210529_M70265_0465_000000000-JHLN6/Data/Intensities/BaseCalls/21T022088_S15_L001_R1_001.fastq.gz'', ''/MiSeqDx1/210529_M70265_0465_000000000-JHLN6/Data/Intensities/BaseCalls/21T022129_S7_L001_R1_001.fastq.gz'', ''/MiSeqDx1/210529_M70265_0465_000000000-JHLN6/Data/Intensities/BaseCalls/21T022146_S16_L001_R1_001.fastq.gz'', ''/MiSeqDx1/210529_M70265_0465_000000000-JHLN6/Data/Intensities/BaseCalls/21T022149_S17_L001_R1_001.fastq.gz'', ''/MiSeqDx1/210529_M70265_0465_000000000-JHLN6/Data/Intensities/BaseCalls/21T022151_S8_L001_R1_001.fastq.gz'', ''/MiSeqDx1/210529_M70265_0465_000000000-JHLN6/Data/Intensities/BaseCalls/21T022155_S9_L001_R1_001.fastq.gz'', ''/MiSeqDx1/210529_M70265_0465_000000000-JHLN6/Data/Intensities/BaseCalls/21T022190_S18_L001_R1_001.fastq.gz'', ''/MiSeqDx1/210529_M70265_0465_000000000-JHLN6/Data/Intensities/BaseCalls/21T022283_S10_L001_R1_001.fastq.gz'', ''/MiSeqDx1/210529_M70265_0465_000000000-JHLN6/Data/Intensities/BaseCalls/21T022378_S19_L001_R1_001.fastq.gz'', ''/MiSeqDx1/210529_M70265_0465_000000000-JHLN6/Data/Intensities/BaseCalls/21T022387_S11_L001_R1_001.fastq.gz'', ''/MiSeqDx1/210529_M70265_0465_000000000-JHLN6/Data/Intensities/BaseCalls/TEM-TS-260521_S12_L001_R1_001.fastq.gz''], ''R2'': [''/MiSeqDx1/210529_M70265_0465_000000000-JHLN6/Data/Intensities/BaseCalls/21T019303_S1_L001_R2_001.fastq.gz'', ''/MiSeqDx1/210529_M70265_0465_000000000-JHLN6/Data/Intensities/BaseCalls/21T019929_S13_L001_R2_001.fastq.gz'', ''/MiSeqDx1/210529_M70265_0465_000000000-JHLN6/Data/Intensities/BaseCalls/21T019957_S2_L001_R2_001.fastq.gz'', ''/MiSeqDx1/210529_M70265_0465_000000000-JHLN6/Data/Intensities/BaseCalls/21T020508_S3_L001_R2_001.fastq.gz'', ''/MiSeqDx1/210529_M70265_0465_000000000-JHLN6/Data/Intensities/BaseCalls/21T021468_S4_L001_R2_001.fastq.gz'', ''/MiSeqDx1/210529_M70265_0465_000000000-JHLN6/Data/Intensities/BaseCalls/21T021956_S5_L001_R2_001.fastq.gz'', ''/MiSeqDx1/210529_M70265_0465_000000000-JHLN6/Data/Intensities/BaseCalls/21T022010_S6_L001_R2_001.fastq.gz'', ''/MiSeqDx1/210529_M70265_0465_000000000-JHLN6/Data/Intensities/BaseCalls/21T022082_S14_L001_R2_001.fastq.gz'', ''/MiSeqDx1/210529_M70265_0465_000000000-JHLN6/Data/Intensities/BaseCalls/21T022088_S15_L001_R2_001.fastq.gz'', ''/MiSeqDx1/210529_M70265_0465_000000000-JHLN6/Data/Intensities/BaseCalls/21T022129_S7_L001_R2_001.fastq.gz'', ''/MiSeqDx1/210529_M70265_0465_000000000-JHLN6/Data/Intensities/BaseCalls/21T022146_S16_L001_R2_001.fastq.gz'', ''/MiSeqDx1/210529_M70265_0465_000000000-JHLN6/Data/Intensities/BaseCalls/21T022149_S17_L001_R2_001.fastq.gz'', ''/MiSeqDx1/210529_M70265_0465_000000000-JHLN6/Data/Intensities/BaseCalls/21T022151_S8_L001_R2_001.fastq.gz'', ''/MiSeqDx1/210529_M70265_0465_000000000-JHLN6/Data/Intensities/BaseCalls/21T022155_S9_L001_R2_001.fastq.gz'', ''/MiSeqDx1/210529_M70265_0465_000000000-JHLN6/Data/Intensities/BaseCalls/21T022190_S18_L001_R2_001.fastq.gz'', ''/MiSeqDx1/210529_M70265_0465_000000000-JHLN6/Data/Intensities/BaseCalls/21T022283_S10_L001_R2_001.fastq.gz'', ''/MiSeqDx1/210529_M70265_0465_000000000-JHLN6/Data/Intensities/BaseCalls/21T022378_S19_L001_R2_001.fastq.gz'', ''/MiSeqDx1/210529_M70265_0465_000000000-JHLN6/Data/Intensities/BaseCalls/21T022387_S11_L001_R2_001.fastq.gz'', ''/MiSeqDx1/210529_M70265_0465_000000000-JHLN6/Data/Intensities/BaseCalls/TEM-TS-260521_S12_L001_R2_001.fastq.gz''], ''analysis'': {''cleanning_rule'': {''R1_end_adapter'': ''/Anapath/anapath_resources/current/designs/Enrich_Solid-Tumor_V3/adapters/Illumina_3prim_adapter.fasta'', ''R2_end_adapter'': ''/Anapath/anapath_resources/current/designs/Enrich_Solid-Tumor_V3/adapters/Illumina_5prim_adapter_rvc.fasta'', ''adapter_error_rate'': 0.1, ''adapter_min_overlap'': 11}, ''depth_rule'': {''expected_min_depth'': 150}, ''evalPositiveCtrl_rule'': {''error_threshold'': 0.33, ''expected_variants'': ''/Anapath/anapath_resources/current/designs/Enrich_Solid-Tumor_V3/GRCh38/pos_ctrl_expected.vcf'', ''samples'': [''TEM-TS-260521_S12_L001'']}, ''fastqc_rule'': {''adapters'': ''/Anapath/anapath_resources/current/fastqc/adapter_list.txt'', ''contaminants'': ''/Anapath/anapath_resources/current/fastqc/contaminant_list.txt'', ''is_grouped'': False}, ''filterVCF_rule'': {''annotations_rules'': ''/Anapath/anapath_resources/current/designs/Enrich_Solid-Tumor_V3/filters_annot.json'', ''homopolym_length'': 5, ''kept_RNA'': ''/Anapath/anapath_resources/current/designs/Enrich_Solid-Tumor_V3/reference_RNA.tsv'', ''kept_consequences'': [''TFBS_ablation'', ''TFBS_amplification'', ''TF_binding_site_variant'', ''regulatory_region_ablation'', ''regulatory_region_amplification'', ''transcript_ablation'', ''splice_acceptor_variant'', ''splice_donor_variant'', ''stop_gained'', ''frameshift_variant'', ''stop_lost'', ''start_lost'', ''transcript_amplification'', ''inframe_insertion'', ''inframe_deletion'', ''missense_variant'', ''protein_altering_variant'', ''splice_region_variant''], ''known_artifacts'': ''/Anapath/anapath_resources/current/designs/Enrich_Solid-Tumor_V3/GRCh38/variants_noise_MiSeq.tsv'', ''low_alt_count'': 10, ''low_alt_fraction'': 0.02, ''low_calling_depth'': 50, ''polymorphism_threshold'': 0.01, ''variants_rules'': ''/Anapath/anapath_resources/current/designs/Enrich_Solid-Tumor_V3/filters_record.json''}, ''freebayes_rule'': {''min_alt_count'': 4, ''min_alt_fraction'': 0.017, ''min_base_qual'': 15}, ''hgvs_rule'': {''mutalyzer_url'': ''http://srvhpchgvs:9897/proxy'', ''proxy_url'': None}, ''mutect2_rule'': {''min_alt_count'': 4, ''min_alt_fraction'': 0.017, ''min_base_qual'': 15}, ''shallowsAnalysis_rule'': {''depth_mode'': ''fragment'', ''expected_min_depth'': 100}, ''vardict_rule'': {''keep_multiple_alt'': True, ''min_alt_count'': 4, ''min_alt_fraction'': 0.017, ''min_base_qual'': 15}, ''vep_rule'': {''dbNSFP_fields'': [''MetaLR_rankscore'', ''VEST4_rankscore''], ''vep_cache'': ''/Anapath/bank/Homo_sapiens/DNA/GRCh38_Ensembl101/vep''}}, ''disease'': {''by_sample'': {}, ''ontology'': ''/Anapath/bank/Homo_sapiens/ontologies/disease_ontology/HumanDO_2021-03-29.owl''}, ''interop'': ''/MiSeqDx1/210529_M70265_0465_000000000-JHLN6/InterOp'', ''reference'': {''accessions'': ''/Anapath/bank/Homo_sapiens/DNA/GRCh38_Ensembl101/sequences/assembly_accessions.tsv'', ''annotations'': {''genes'': ''/Anapath/bank/Homo_sapiens/DNA/GRCh38_Ensembl101/annotations/Homo_sapiens.GRCh38.ensembl_v101.chr.gtf.gz''}, ''assembly'': ''GRCh38'', ''clinical_evidences'': ''/Anapath/bank/Homo_sapiens/clinical_evidences/genovance_db_r1.tsv'', ''known_variants'': {''cosmic'': ''/Anapath/bank/Homo_sapiens/DNA/GRCh38_Ensembl101/variants/Cosmic_v92_CodingMuts_normal.vcf.gz'', ''dbsnp'': ''/Anapath/bank/Homo_sapiens/DNA/GRCh38_Ensembl101/variants/dbSNP_v151.vcf.gz'', ''gnomad'': ''/Anapath/bank/Homo_sapiens/DNA/GRCh38_Ensembl101/variants/gnomad.genomes.r3.0.sites.vcf.gz'', ''mills_indels'': ''/Anapath/bank/Homo_sapiens/DNA/GRCh38_Ensembl101/variants/Mills_and_1000G_gold_standard.indels.hg38.vcf.gz''}, ''sequences'': ''/Anapath/bank/Homo_sapiens/DNA/GRCh38_Ensembl101/sequences/Homo_sapiens.GRCh38.ensembl_v101.dna.toplevel.chrOnly.fa'', ''species'': ''Homo sapiens'', ''variants_pathogenicity'': {''CADD'': [''/Anapath/bank/Homo_sapiens/DNA/GRCh38_Ensembl101/pathogenicity/CADDv1.6_whole_genome_SNVs.tsv.gz'', ''/Anapath/bank/Homo_sapiens/DNA/GRCh38_Ensembl101/pathogenicity/CADDv1.6_gnomad.genomes.r3.0.indel.tsv.gz''], ''dbNSFP'': ''/Anapath/bank/Homo_sapiens/DNA/GRCh38_Ensembl101/pathogenicity/dbNSFP_v4.1a.gz''}}, ''software_pathes'': {}, ''targets'': ''/Anapath/anapath_resources/current/designs/Enrich_Solid-Tumor_V3/GRCh38/targets.bed''}', '2021-05-30 23:08:05.000000', '1.2.0', '2021-05-30 21:25:19.000000', 36);
		

insert into public.gen_provider (id, description, name)
values  (19, 'Illumina, Inc. is an American company incorporated in April 1998 that develops, manufactures and markets integrated systems for the analysis of genetic variation and biological function.', 'Illumina');
		
		
insert into public.gen_instrument (id, acquisition_date, model, provider_SN, category, provider_id)
values  (18, null, 'MiSeq', 'M70265', 'High-throughput sequencer', 19);


insert into public.gen_run (id, start_date, end_date, instrument_id)
values  (18, '2021-05-29 00:00:00.000000', '2021-05-30 17:14:24.000000', 18);


insert into public.gen_result (id, category, path, tag, type, run_id, provider_id)
values  (2808, 'raw_reads', '/home/toto/share/data/raw/210529_M70265_0465_000000000-JHLN6/Data/Intensities/BaseCalls/21T019303_S1_L001_R1_001.fastq.gz', null, 'fastq', 18, null),
        (2809, 'raw_reads', '/home/toto/share/data/raw/210529_M70265_0465_000000000-JHLN6/Data/Intensities/BaseCalls/21T019303_S1_L001_R2_001.fastq.gz', null, 'fastq', 18, null),
        (2810, 'raw_reads', '/home/toto/share/data/raw/210529_M70265_0465_000000000-JHLN6/Data/Intensities/BaseCalls/21T019957_S2_L001_R1_001.fastq.gz', null, 'fastq', 18, null),
        (2811, 'raw_reads', '/home/toto/share/data/raw/210529_M70265_0465_000000000-JHLN6/Data/Intensities/BaseCalls/21T019957_S2_L001_R2_001.fastq.gz', null, 'fastq', 18, null),
        (2812, 'raw_reads', '/home/toto/share/data/raw/210529_M70265_0465_000000000-JHLN6/Data/Intensities/BaseCalls/21T020508_S3_L001_R1_001.fastq.gz', null, 'fastq', 18, null),
        (2813, 'raw_reads', '/home/toto/share/data/raw/210529_M70265_0465_000000000-JHLN6/Data/Intensities/BaseCalls/21T020508_S3_L001_R2_001.fastq.gz', null, 'fastq', 18, null),
        (2814, 'raw_reads', '/home/toto/share/data/raw/210529_M70265_0465_000000000-JHLN6/Data/Intensities/BaseCalls/21T021468_S4_L001_R1_001.fastq.gz', null, 'fastq', 18, null),
        (2815, 'raw_reads', '/home/toto/share/data/raw/210529_M70265_0465_000000000-JHLN6/Data/Intensities/BaseCalls/21T021468_S4_L001_R2_001.fastq.gz', null, 'fastq', 18, null),
        (2816, 'raw_reads', '/home/toto/share/data/raw/210529_M70265_0465_000000000-JHLN6/Data/Intensities/BaseCalls/21T021956_S5_L001_R1_001.fastq.gz', null, 'fastq', 18, null),
        (2817, 'raw_reads', '/home/toto/share/data/raw/210529_M70265_0465_000000000-JHLN6/Data/Intensities/BaseCalls/21T021956_S5_L001_R2_001.fastq.gz', null, 'fastq', 18, null),
        (2818, 'raw_reads', '/home/toto/share/data/raw/210529_M70265_0465_000000000-JHLN6/Data/Intensities/BaseCalls/21T022010_S6_L001_R1_001.fastq.gz', null, 'fastq', 18, null),
        (2819, 'raw_reads', '/home/toto/share/data/raw/210529_M70265_0465_000000000-JHLN6/Data/Intensities/BaseCalls/21T022010_S6_L001_R2_001.fastq.gz', null, 'fastq', 18, null),
        (2820, 'raw_reads', '/home/toto/share/data/raw/210529_M70265_0465_000000000-JHLN6/Data/Intensities/BaseCalls/21T022129_S7_L001_R1_001.fastq.gz', null, 'fastq', 18, null),
        (2821, 'raw_reads', '/home/toto/share/data/raw/210529_M70265_0465_000000000-JHLN6/Data/Intensities/BaseCalls/21T022129_S7_L001_R2_001.fastq.gz', null, 'fastq', 18, null),
        (2822, 'raw_reads', '/home/toto/share/data/raw/210529_M70265_0465_000000000-JHLN6/Data/Intensities/BaseCalls/21T022151_S8_L001_R1_001.fastq.gz', null, 'fastq', 18, null),
        (2823, 'raw_reads', '/home/toto/share/data/raw/210529_M70265_0465_000000000-JHLN6/Data/Intensities/BaseCalls/21T022151_S8_L001_R2_001.fastq.gz', null, 'fastq', 18, null),
        (2824, 'raw_reads', '/home/toto/share/data/raw/210529_M70265_0465_000000000-JHLN6/Data/Intensities/BaseCalls/21T022155_S9_L001_R1_001.fastq.gz', null, 'fastq', 18, null),
        (2825, 'raw_reads', '/home/toto/share/data/raw/210529_M70265_0465_000000000-JHLN6/Data/Intensities/BaseCalls/21T022155_S9_L001_R2_001.fastq.gz', null, 'fastq', 18, null),
        (2826, 'raw_reads', '/home/toto/share/data/raw/210529_M70265_0465_000000000-JHLN6/Data/Intensities/BaseCalls/21T022283_S10_L001_R1_001.fastq.gz', null, 'fastq', 18, null),
        (2827, 'raw_reads', '/home/toto/share/data/raw/210529_M70265_0465_000000000-JHLN6/Data/Intensities/BaseCalls/21T022283_S10_L001_R2_001.fastq.gz', null, 'fastq', 18, null),
        (2828, 'raw_reads', '/home/toto/share/data/raw/210529_M70265_0465_000000000-JHLN6/Data/Intensities/BaseCalls/21T022387_S11_L001_R1_001.fastq.gz', null, 'fastq', 18, null),
        (2829, 'raw_reads', '/home/toto/share/data/raw/210529_M70265_0465_000000000-JHLN6/Data/Intensities/BaseCalls/21T022387_S11_L001_R2_001.fastq.gz', null, 'fastq', 18, null),
        (2830, 'raw_reads', '/home/toto/share/data/raw/210529_M70265_0465_000000000-JHLN6/Data/Intensities/BaseCalls/TEM-TS-260521_S12_L001_R1_001.fastq.gz', null, 'fastq', 18, null),
        (2831, 'raw_reads', '/home/toto/share/data/raw/210529_M70265_0465_000000000-JHLN6/Data/Intensities/BaseCalls/TEM-TS-260521_S12_L001_R2_001.fastq.gz', null, 'fastq', 18, null),
        (2832, 'raw_reads', '/home/toto/share/data/raw/210529_M70265_0465_000000000-JHLN6/Data/Intensities/BaseCalls/21T019929_S13_L001_R1_001.fastq.gz', null, 'fastq', 18, null),
        (2833, 'raw_reads', '/home/toto/share/data/raw/210529_M70265_0465_000000000-JHLN6/Data/Intensities/BaseCalls/21T019929_S13_L001_R2_001.fastq.gz', null, 'fastq', 18, null),
        (2834, 'raw_reads', '/home/toto/share/data/raw/210529_M70265_0465_000000000-JHLN6/Data/Intensities/BaseCalls/21T022082_S14_L001_R1_001.fastq.gz', null, 'fastq', 18, null),
        (2835, 'raw_reads', '/home/toto/share/data/raw/210529_M70265_0465_000000000-JHLN6/Data/Intensities/BaseCalls/21T022082_S14_L001_R2_001.fastq.gz', null, 'fastq', 18, null),
        (2836, 'raw_reads', '/home/toto/share/data/raw/210529_M70265_0465_000000000-JHLN6/Data/Intensities/BaseCalls/21T022088_S15_L001_R1_001.fastq.gz', null, 'fastq', 18, null),
        (2837, 'raw_reads', '/home/toto/share/data/raw/210529_M70265_0465_000000000-JHLN6/Data/Intensities/BaseCalls/21T022088_S15_L001_R2_001.fastq.gz', null, 'fastq', 18, null),
        (2838, 'raw_reads', '/home/toto/share/data/raw/210529_M70265_0465_000000000-JHLN6/Data/Intensities/BaseCalls/21T022146_S16_L001_R1_001.fastq.gz', null, 'fastq', 18, null),
        (2839, 'raw_reads', '/home/toto/share/data/raw/210529_M70265_0465_000000000-JHLN6/Data/Intensities/BaseCalls/21T022146_S16_L001_R2_001.fastq.gz', null, 'fastq', 18, null),
        (2840, 'raw_reads', '/home/toto/share/data/raw/210529_M70265_0465_000000000-JHLN6/Data/Intensities/BaseCalls/21T022149_S17_L001_R1_001.fastq.gz', null, 'fastq', 18, null),
        (2841, 'raw_reads', '/home/toto/share/data/raw/210529_M70265_0465_000000000-JHLN6/Data/Intensities/BaseCalls/21T022149_S17_L001_R2_001.fastq.gz', null, 'fastq', 18, null),
        (2842, 'raw_reads', '/home/toto/share/data/raw/210529_M70265_0465_000000000-JHLN6/Data/Intensities/BaseCalls/21T022190_S18_L001_R1_001.fastq.gz', null, 'fastq', 18, null),
        (2843, 'raw_reads', '/home/toto/share/data/raw/210529_M70265_0465_000000000-JHLN6/Data/Intensities/BaseCalls/21T022190_S18_L001_R2_001.fastq.gz', null, 'fastq', 18, null),
        (2844, 'raw_reads', '/home/toto/share/data/raw/210529_M70265_0465_000000000-JHLN6/Data/Intensities/BaseCalls/21T022378_S19_L001_R1_001.fastq.gz', null, 'fastq', 18, null),
        (2845, 'raw_reads', '/home/toto/share/data/raw/210529_M70265_0465_000000000-JHLN6/Data/Intensities/BaseCalls/21T022378_S19_L001_R2_001.fastq.gz', null, 'fastq', 18, null),
        (2846, 'alignment', '/home/toto/share/data/oryci_Enrich_Solid-Tumor_V3/aln/markDup/21T019303_S1_L001.bam', null, 'bam', 18, 96),
        (2847, 'depths-metrics', '/home/toto/share/data/oryci_Enrich_Solid-Tumor_V3/report/data/21T019303_S1_L001_depthsMetrics.json', null, 'db', 18, 96),
        (2848, 'shallows-areas', '/home/toto/share/data/oryci_Enrich_Solid-Tumor_V3/report/data/21T019303_S1_L001_shallowAreas.json', null, 'db', 18, 96),
        (2849, 'variants', '/home/toto/share/data/oryci_Enrich_Solid-Tumor_V3/variants/21T019303_S1_L001_filtered.vcf', 'filtered', 'vcf', 18, 96),
        (2850, 'variants', '/home/toto/share/data/oryci_Enrich_Solid-Tumor_V3/variants/21T019303_S1_L001_unfiltered.vcf', 'unfiltered', 'vcf', 18, 96),
        (2851, 'variants', '/home/toto/share/data/oryci_Enrich_Solid-Tumor_V3/report/data/21T019303_S1_L001_variants_filtered.json', 'filtered', 'db', 18, 96),
        (2852, 'evidences', '/home/toto/share/data/oryci_Enrich_Solid-Tumor_V3/report/data/21T019303_S1_L001_evidencesList.json', null, 'db', 18, 96),
        (2853, 'alignment', '/home/toto/share/data/oryci_Enrich_Solid-Tumor_V3/aln/markDup/21T019957_S2_L001.bam', null, 'bam', 18, 96),
        (2854, 'depths-metrics', '/home/toto/share/data/oryci_Enrich_Solid-Tumor_V3/report/data/21T019957_S2_L001_depthsMetrics.json', null, 'db', 18, 96),
        (2855, 'shallows-areas', '/home/toto/share/data/oryci_Enrich_Solid-Tumor_V3/report/data/21T019957_S2_L001_shallowAreas.json', null, 'db', 18, 96),
        (2936, 'variants', '/home/toto/share/data/oryci_Enrich_Solid-Tumor_V3/report/data/21T019929_S13_L001_variants_filtered.json', 'filtered', 'db', 18, 96),
        (2857, 'variants', '/home/toto/share/data/oryci_Enrich_Solid-Tumor_V3/variants/21T019957_S2_L001_unfiltered.vcf', 'unfiltered', 'vcf', 18, 96),
        (2900, 'variants', '/home/toto/share/data/oryci_Enrich_Solid-Tumor_V3/report/data/21T022151_S8_L001_variants_filtered.json', 'filtered', 'db', 18, 96),
        (2859, 'evidences', '/home/toto/share/data/oryci_Enrich_Solid-Tumor_V3/report/data/21T019957_S2_L001_evidencesList.json', null, 'db', 18, 96),
        (2860, 'alignment', '/home/toto/share/data/oryci_Enrich_Solid-Tumor_V3/aln/markDup/21T020508_S3_L001.bam', null, 'bam', 18, 96),
        (2862, 'shallows-areas', '/home/toto/share/data/oryci_Enrich_Solid-Tumor_V3/report/data/21T020508_S3_L001_shallowAreas.json', null, 'db', 18, 96),
        (2902, 'alignment', '/home/toto/share/data/oryci_Enrich_Solid-Tumor_V3/aln/markDup/21T022155_S9_L001.bam', null, 'bam', 18, 96),
        (2865, 'variants', '/home/toto/share/data/oryci_Enrich_Solid-Tumor_V3/report/data/21T020508_S3_L001_variants_filtered.json', 'filtered', 'db', 18, 96),
        (2871, 'variants', '/home/toto/share/data/oryci_Enrich_Solid-Tumor_V3/variants/21T021468_S4_L001_unfiltered.vcf', 'unfiltered', 'vcf', 18, 96),
        (2874, 'alignment', '/home/toto/share/data/oryci_Enrich_Solid-Tumor_V3/aln/markDup/21T021956_S5_L001.bam', null, 'bam', 18, 96),
        (2907, 'variants', '/home/toto/share/data/oryci_Enrich_Solid-Tumor_V3/report/data/21T022155_S9_L001_variants_filtered.json', 'filtered', 'db', 18, 96),
        (2880, 'evidences', '/home/toto/share/data/oryci_Enrich_Solid-Tumor_V3/report/data/21T021956_S5_L001_evidencesList.json', null, 'db', 18, 96),
        (2887, 'evidences', '/home/toto/share/data/oryci_Enrich_Solid-Tumor_V3/report/data/21T022010_S6_L001_evidencesList.json', null, 'db', 18, 96),
        (2940, 'shallows-areas', '/home/toto/share/data/oryci_Enrich_Solid-Tumor_V3/report/data/21T022082_S14_L001_shallowAreas.json', null, 'db', 18, 96),
        (2888, 'alignment', '/home/toto/share/data/oryci_Enrich_Solid-Tumor_V3/aln/markDup/21T022129_S7_L001.bam', null, 'bam', 18, 96),
        (2910, 'depths-metrics', '/home/toto/share/data/oryci_Enrich_Solid-Tumor_V3/report/data/21T022283_S10_L001_depthsMetrics.json', null, 'db', 18, 96),
        (2889, 'depths-metrics', '/home/toto/share/data/oryci_Enrich_Solid-Tumor_V3/report/data/21T022129_S7_L001_depthsMetrics.json', null, 'db', 18, 96),
        (2895, 'alignment', '/home/toto/share/data/oryci_Enrich_Solid-Tumor_V3/aln/markDup/21T022151_S8_L001.bam', null, 'bam', 18, 96),
        (2898, 'variants', '/home/toto/share/data/oryci_Enrich_Solid-Tumor_V3/variants/21T022151_S8_L001_filtered.vcf', 'filtered', 'vcf', 18, 96),
        (2915, 'evidences', '/home/toto/share/data/oryci_Enrich_Solid-Tumor_V3/report/data/21T022283_S10_L001_evidencesList.json', null, 'db', 18, 96),
        (2918, 'shallows-areas', '/home/toto/share/data/oryci_Enrich_Solid-Tumor_V3/report/data/21T022387_S11_L001_shallowAreas.json', null, 'db', 18, 96),
        (2941, 'variants', '/home/toto/share/data/oryci_Enrich_Solid-Tumor_V3/variants/21T022082_S14_L001_filtered.vcf', 'filtered', 'vcf', 18, 96),
        (2920, 'variants', '/home/toto/share/data/oryci_Enrich_Solid-Tumor_V3/variants/21T022387_S11_L001_unfiltered.vcf', 'unfiltered', 'vcf', 18, 96),
        (2930, 'ctrl-variants', '/home/toto/share/data/oryci_Enrich_Solid-Tumor_V3/report/data/TEM-TS-260521_S12_L001_evalCtrl.json', null, 'db', 18, 96),
        (2955, 'variants', '/home/toto/share/data/oryci_Enrich_Solid-Tumor_V3/variants/21T022146_S16_L001_filtered.vcf', 'filtered', 'vcf', 18, 96),
        (2934, 'variants', '/home/toto/share/data/oryci_Enrich_Solid-Tumor_V3/variants/21T019929_S13_L001_filtered.vcf', 'filtered', 'vcf', 18, 96),
        (2943, 'variants', '/home/toto/share/data/oryci_Enrich_Solid-Tumor_V3/report/data/21T022082_S14_L001_variants_filtered.json', 'filtered', 'db', 18, 96),
        (2973, 'alignment', '/home/toto/share/data/oryci_Enrich_Solid-Tumor_V3/aln/markDup/21T022378_S19_L001.bam', null, 'bam', 18, 96),
        (2946, 'depths-metrics', '/home/toto/share/data/oryci_Enrich_Solid-Tumor_V3/report/data/21T022088_S15_L001_depthsMetrics.json', null, 'db', 18, 96),
        (2957, 'variants', '/home/toto/share/data/oryci_Enrich_Solid-Tumor_V3/report/data/21T022146_S16_L001_variants_filtered.json', 'filtered', 'db', 18, 96),
        (2950, 'variants', '/home/toto/share/data/oryci_Enrich_Solid-Tumor_V3/report/data/21T022088_S15_L001_variants_filtered.json', 'filtered', 'db', 18, 96),
        (2952, 'alignment', '/home/toto/share/data/oryci_Enrich_Solid-Tumor_V3/aln/markDup/21T022146_S16_L001.bam', null, 'bam', 18, 96),
        (2961, 'shallows-areas', '/home/toto/share/data/oryci_Enrich_Solid-Tumor_V3/report/data/21T022149_S17_L001_shallowAreas.json', null, 'db', 18, 96),
        (2962, 'variants', '/home/toto/share/data/oryci_Enrich_Solid-Tumor_V3/variants/21T022149_S17_L001_filtered.vcf', 'filtered', 'vcf', 18, 96),
        (2856, 'variants', '/home/toto/share/data/oryci_Enrich_Solid-Tumor_V3/variants/21T019957_S2_L001_filtered.vcf', 'filtered', 'vcf', 18, 96),
        (2877, 'variants', '/home/toto/share/data/oryci_Enrich_Solid-Tumor_V3/variants/21T021956_S5_L001_filtered.vcf', 'filtered', 'vcf', 18, 96),
        (2926, 'variants', '/home/toto/share/data/oryci_Enrich_Solid-Tumor_V3/variants/TEM-TS-260521_S12_L001_filtered.vcf', 'filtered', 'vcf', 18, 96),
        (2881, 'alignment', '/home/toto/share/data/oryci_Enrich_Solid-Tumor_V3/aln/markDup/21T022010_S6_L001.bam', null, 'bam', 18, 96),
        (2884, 'variants', '/home/toto/share/data/oryci_Enrich_Solid-Tumor_V3/variants/21T022010_S6_L001_filtered.vcf', 'filtered', 'vcf', 18, 96),
        (2968, 'shallows-areas', '/home/toto/share/data/oryci_Enrich_Solid-Tumor_V3/report/data/21T022190_S18_L001_shallowAreas.json', null, 'db', 18, 96),
        (2890, 'shallows-areas', '/home/toto/share/data/oryci_Enrich_Solid-Tumor_V3/report/data/21T022129_S7_L001_shallowAreas.json', null, 'db', 18, 96),
        (2928, 'variants', '/home/toto/share/data/oryci_Enrich_Solid-Tumor_V3/report/data/TEM-TS-260521_S12_L001_variants_filtered.json', 'filtered', 'db', 18, 96),
        (2892, 'variants', '/home/toto/share/data/oryci_Enrich_Solid-Tumor_V3/variants/21T022129_S7_L001_unfiltered.vcf', 'unfiltered', 'vcf', 18, 96),
        (2894, 'evidences', '/home/toto/share/data/oryci_Enrich_Solid-Tumor_V3/report/data/21T022129_S7_L001_evidencesList.json', null, 'db', 18, 96),
        (2901, 'evidences', '/home/toto/share/data/oryci_Enrich_Solid-Tumor_V3/report/data/21T022151_S8_L001_evidencesList.json', null, 'db', 18, 96),
        (2933, 'shallows-areas', '/home/toto/share/data/oryci_Enrich_Solid-Tumor_V3/report/data/21T019929_S13_L001_shallowAreas.json', null, 'db', 18, 96),
        (2903, 'depths-metrics', '/home/toto/share/data/oryci_Enrich_Solid-Tumor_V3/report/data/21T022155_S9_L001_depthsMetrics.json', null, 'db', 18, 96),
        (2905, 'variants', '/home/toto/share/data/oryci_Enrich_Solid-Tumor_V3/variants/21T022155_S9_L001_filtered.vcf', 'filtered', 'vcf', 18, 96),
        (2909, 'alignment', '/home/toto/share/data/oryci_Enrich_Solid-Tumor_V3/aln/markDup/21T022283_S10_L001.bam', null, 'bam', 18, 96),
        (2935, 'variants', '/home/toto/share/data/oryci_Enrich_Solid-Tumor_V3/variants/21T019929_S13_L001_unfiltered.vcf', 'unfiltered', 'vcf', 18, 96),
        (2913, 'variants', '/home/toto/share/data/oryci_Enrich_Solid-Tumor_V3/variants/21T022283_S10_L001_unfiltered.vcf', 'unfiltered', 'vcf', 18, 96),
        (2916, 'alignment', '/home/toto/share/data/oryci_Enrich_Solid-Tumor_V3/aln/markDup/21T022387_S11_L001.bam', null, 'bam', 18, 96),
        (2970, 'variants', '/home/toto/share/data/oryci_Enrich_Solid-Tumor_V3/variants/21T022190_S18_L001_unfiltered.vcf', 'unfiltered', 'vcf', 18, 96),
        (2922, 'evidences', '/home/toto/share/data/oryci_Enrich_Solid-Tumor_V3/report/data/21T022387_S11_L001_evidencesList.json', null, 'db', 18, 96),
        (2937, 'evidences', '/home/toto/share/data/oryci_Enrich_Solid-Tumor_V3/report/data/21T019929_S13_L001_evidencesList.json', null, 'db', 18, 96),
        (2923, 'alignment', '/home/toto/share/data/oryci_Enrich_Solid-Tumor_V3/aln/markDup/TEM-TS-260521_S12_L001.bam', null, 'bam', 18, 96),
        (2924, 'depths-metrics', '/home/toto/share/data/oryci_Enrich_Solid-Tumor_V3/report/data/TEM-TS-260521_S12_L001_depthsMetrics.json', null, 'db', 18, 96),
        (2948, 'variants', '/home/toto/share/data/oryci_Enrich_Solid-Tumor_V3/variants/21T022088_S15_L001_filtered.vcf', 'filtered', 'vcf', 18, 96),
        (2954, 'shallows-areas', '/home/toto/share/data/oryci_Enrich_Solid-Tumor_V3/report/data/21T022146_S16_L001_shallowAreas.json', null, 'db', 18, 96),
        (2972, 'evidences', '/home/toto/share/data/oryci_Enrich_Solid-Tumor_V3/report/data/21T022190_S18_L001_evidencesList.json', null, 'db', 18, 96),
        (2956, 'variants', '/home/toto/share/data/oryci_Enrich_Solid-Tumor_V3/variants/21T022146_S16_L001_unfiltered.vcf', 'unfiltered', 'vcf', 18, 96),
        (2958, 'evidences', '/home/toto/share/data/oryci_Enrich_Solid-Tumor_V3/report/data/21T022146_S16_L001_evidencesList.json', null, 'db', 18, 96),
        (2960, 'depths-metrics', '/home/toto/share/data/oryci_Enrich_Solid-Tumor_V3/report/data/21T022149_S17_L001_depthsMetrics.json', null, 'db', 18, 96),
        (2977, 'variants', '/home/toto/share/data/oryci_Enrich_Solid-Tumor_V3/variants/21T022378_S19_L001_unfiltered.vcf', 'unfiltered', 'vcf', 18, 96),
        (2882, 'depths-metrics', '/home/toto/share/data/oryci_Enrich_Solid-Tumor_V3/report/data/21T022010_S6_L001_depthsMetrics.json', null, 'db', 18, 96),
        (2858, 'variants', '/home/toto/share/data/oryci_Enrich_Solid-Tumor_V3/report/data/21T019957_S2_L001_variants_filtered.json', 'filtered', 'db', 18, 96),
        (2861, 'depths-metrics', '/home/toto/share/data/oryci_Enrich_Solid-Tumor_V3/report/data/21T020508_S3_L001_depthsMetrics.json', null, 'db', 18, 96),
        (2906, 'variants', '/home/toto/share/data/oryci_Enrich_Solid-Tumor_V3/variants/21T022155_S9_L001_unfiltered.vcf', 'unfiltered', 'vcf', 18, 96),
        (2863, 'variants', '/home/toto/share/data/oryci_Enrich_Solid-Tumor_V3/variants/21T020508_S3_L001_filtered.vcf', 'filtered', 'vcf', 18, 96),
        (2883, 'shallows-areas', '/home/toto/share/data/oryci_Enrich_Solid-Tumor_V3/report/data/21T022010_S6_L001_shallowAreas.json', null, 'db', 18, 96),
        (2864, 'variants', '/home/toto/share/data/oryci_Enrich_Solid-Tumor_V3/variants/21T020508_S3_L001_unfiltered.vcf', 'unfiltered', 'vcf', 18, 96),
        (2866, 'evidences', '/home/toto/share/data/oryci_Enrich_Solid-Tumor_V3/report/data/21T020508_S3_L001_evidencesList.json', null, 'db', 18, 96),
        (2867, 'alignment', '/home/toto/share/data/oryci_Enrich_Solid-Tumor_V3/aln/markDup/21T021468_S4_L001.bam', null, 'bam', 18, 96),
        (2885, 'variants', '/home/toto/share/data/oryci_Enrich_Solid-Tumor_V3/variants/21T022010_S6_L001_unfiltered.vcf', 'unfiltered', 'vcf', 18, 96),
        (2868, 'depths-metrics', '/home/toto/share/data/oryci_Enrich_Solid-Tumor_V3/report/data/21T021468_S4_L001_depthsMetrics.json', null, 'db', 18, 96),
        (2869, 'shallows-areas', '/home/toto/share/data/oryci_Enrich_Solid-Tumor_V3/report/data/21T021468_S4_L001_shallowAreas.json', null, 'db', 18, 96),
        (2870, 'variants', '/home/toto/share/data/oryci_Enrich_Solid-Tumor_V3/variants/21T021468_S4_L001_filtered.vcf', 'filtered', 'vcf', 18, 96),
        (2886, 'variants', '/home/toto/share/data/oryci_Enrich_Solid-Tumor_V3/report/data/21T022010_S6_L001_variants_filtered.json', 'filtered', 'db', 18, 96),
        (2872, 'variants', '/home/toto/share/data/oryci_Enrich_Solid-Tumor_V3/report/data/21T021468_S4_L001_variants_filtered.json', 'filtered', 'db', 18, 96),
        (2873, 'evidences', '/home/toto/share/data/oryci_Enrich_Solid-Tumor_V3/report/data/21T021468_S4_L001_evidencesList.json', null, 'db', 18, 96),
        (2908, 'evidences', '/home/toto/share/data/oryci_Enrich_Solid-Tumor_V3/report/data/21T022155_S9_L001_evidencesList.json', null, 'db', 18, 96),
        (2875, 'depths-metrics', '/home/toto/share/data/oryci_Enrich_Solid-Tumor_V3/report/data/21T021956_S5_L001_depthsMetrics.json', null, 'db', 18, 96),
        (2891, 'variants', '/home/toto/share/data/oryci_Enrich_Solid-Tumor_V3/variants/21T022129_S7_L001_filtered.vcf', 'filtered', 'vcf', 18, 96),
        (2876, 'shallows-areas', '/home/toto/share/data/oryci_Enrich_Solid-Tumor_V3/report/data/21T021956_S5_L001_shallowAreas.json', null, 'db', 18, 96),
        (2878, 'variants', '/home/toto/share/data/oryci_Enrich_Solid-Tumor_V3/variants/21T021956_S5_L001_unfiltered.vcf', 'unfiltered', 'vcf', 18, 96),
        (2879, 'variants', '/home/toto/share/data/oryci_Enrich_Solid-Tumor_V3/report/data/21T021956_S5_L001_variants_filtered.json', 'filtered', 'db', 18, 96),
        (2893, 'variants', '/home/toto/share/data/oryci_Enrich_Solid-Tumor_V3/report/data/21T022129_S7_L001_variants_filtered.json', 'filtered', 'db', 18, 96),
        (2911, 'shallows-areas', '/home/toto/share/data/oryci_Enrich_Solid-Tumor_V3/report/data/21T022283_S10_L001_shallowAreas.json', null, 'db', 18, 96),
        (2896, 'depths-metrics', '/home/toto/share/data/oryci_Enrich_Solid-Tumor_V3/report/data/21T022151_S8_L001_depthsMetrics.json', null, 'db', 18, 96),
        (2897, 'shallows-areas', '/home/toto/share/data/oryci_Enrich_Solid-Tumor_V3/report/data/21T022151_S8_L001_shallowAreas.json', null, 'db', 18, 96),
        (2921, 'variants', '/home/toto/share/data/oryci_Enrich_Solid-Tumor_V3/report/data/21T022387_S11_L001_variants_filtered.json', 'filtered', 'db', 18, 96),
        (2899, 'variants', '/home/toto/share/data/oryci_Enrich_Solid-Tumor_V3/variants/21T022151_S8_L001_unfiltered.vcf', 'unfiltered', 'vcf', 18, 96),
        (2912, 'variants', '/home/toto/share/data/oryci_Enrich_Solid-Tumor_V3/variants/21T022283_S10_L001_filtered.vcf', 'filtered', 'vcf', 18, 96),
        (2904, 'shallows-areas', '/home/toto/share/data/oryci_Enrich_Solid-Tumor_V3/report/data/21T022155_S9_L001_shallowAreas.json', null, 'db', 18, 96),
        (2914, 'variants', '/home/toto/share/data/oryci_Enrich_Solid-Tumor_V3/report/data/21T022283_S10_L001_variants_filtered.json', 'filtered', 'db', 18, 96),
        (2925, 'shallows-areas', '/home/toto/share/data/oryci_Enrich_Solid-Tumor_V3/report/data/TEM-TS-260521_S12_L001_shallowAreas.json', null, 'db', 18, 96),
        (2917, 'depths-metrics', '/home/toto/share/data/oryci_Enrich_Solid-Tumor_V3/report/data/21T022387_S11_L001_depthsMetrics.json', null, 'db', 18, 96),
        (2919, 'variants', '/home/toto/share/data/oryci_Enrich_Solid-Tumor_V3/variants/21T022387_S11_L001_filtered.vcf', 'filtered', 'vcf', 18, 96),
        (2931, 'alignment', '/home/toto/share/data/oryci_Enrich_Solid-Tumor_V3/aln/markDup/21T019929_S13_L001.bam', null, 'bam', 18, 96),
        (2927, 'variants', '/home/toto/share/data/oryci_Enrich_Solid-Tumor_V3/variants/TEM-TS-260521_S12_L001_unfiltered.vcf', 'unfiltered', 'vcf', 18, 96),
        (2929, 'evidences', '/home/toto/share/data/oryci_Enrich_Solid-Tumor_V3/report/data/TEM-TS-260521_S12_L001_evidencesList.json', null, 'db', 18, 96),
        (2932, 'depths-metrics', '/home/toto/share/data/oryci_Enrich_Solid-Tumor_V3/report/data/21T019929_S13_L001_depthsMetrics.json', null, 'db', 18, 96),
        (2939, 'depths-metrics', '/home/toto/share/data/oryci_Enrich_Solid-Tumor_V3/report/data/21T022082_S14_L001_depthsMetrics.json', null, 'db', 18, 96),
        (2938, 'alignment', '/home/toto/share/data/oryci_Enrich_Solid-Tumor_V3/aln/markDup/21T022082_S14_L001.bam', null, 'bam', 18, 96),
        (2942, 'variants', '/home/toto/share/data/oryci_Enrich_Solid-Tumor_V3/variants/21T022082_S14_L001_unfiltered.vcf', 'unfiltered', 'vcf', 18, 96),
        (2944, 'evidences', '/home/toto/share/data/oryci_Enrich_Solid-Tumor_V3/report/data/21T022082_S14_L001_evidencesList.json', null, 'db', 18, 96),
        (2945, 'alignment', '/home/toto/share/data/oryci_Enrich_Solid-Tumor_V3/aln/markDup/21T022088_S15_L001.bam', null, 'bam', 18, 96),
        (2947, 'shallows-areas', '/home/toto/share/data/oryci_Enrich_Solid-Tumor_V3/report/data/21T022088_S15_L001_shallowAreas.json', null, 'db', 18, 96),
        (2949, 'variants', '/home/toto/share/data/oryci_Enrich_Solid-Tumor_V3/variants/21T022088_S15_L001_unfiltered.vcf', 'unfiltered', 'vcf', 18, 96),
        (2951, 'evidences', '/home/toto/share/data/oryci_Enrich_Solid-Tumor_V3/report/data/21T022088_S15_L001_evidencesList.json', null, 'db', 18, 96),
        (2953, 'depths-metrics', '/home/toto/share/data/oryci_Enrich_Solid-Tumor_V3/report/data/21T022146_S16_L001_depthsMetrics.json', null, 'db', 18, 96),
        (2959, 'alignment', '/home/toto/share/data/oryci_Enrich_Solid-Tumor_V3/aln/markDup/21T022149_S17_L001.bam', null, 'bam', 18, 96),
        (2963, 'variants', '/home/toto/share/data/oryci_Enrich_Solid-Tumor_V3/variants/21T022149_S17_L001_unfiltered.vcf', 'unfiltered', 'vcf', 18, 96),
        (2969, 'variants', '/home/toto/share/data/oryci_Enrich_Solid-Tumor_V3/variants/21T022190_S18_L001_filtered.vcf', 'filtered', 'vcf', 18, 96),
        (2971, 'variants', '/home/toto/share/data/oryci_Enrich_Solid-Tumor_V3/report/data/21T022190_S18_L001_variants_filtered.json', 'filtered', 'db', 18, 96),
        (2974, 'depths-metrics', '/home/toto/share/data/oryci_Enrich_Solid-Tumor_V3/report/data/21T022378_S19_L001_depthsMetrics.json', null, 'db', 18, 96),
        (2979, 'evidences', '/home/toto/share/data/oryci_Enrich_Solid-Tumor_V3/report/data/21T022378_S19_L001_evidencesList.json', null, 'db', 18, 96),
        (2964, 'variants', '/home/toto/share/data/oryci_Enrich_Solid-Tumor_V3/report/data/21T022149_S17_L001_variants_filtered.json', 'filtered', 'db', 18, 96),
        (2965, 'evidences', '/home/toto/share/data/oryci_Enrich_Solid-Tumor_V3/report/data/21T022149_S17_L001_evidencesList.json', null, 'db', 18, 96),
        (2966, 'alignment', '/home/toto/share/data/oryci_Enrich_Solid-Tumor_V3/aln/markDup/21T022190_S18_L001.bam', null, 'bam', 18, 96),
        (2967, 'depths-metrics', '/home/toto/share/data/oryci_Enrich_Solid-Tumor_V3/report/data/21T022190_S18_L001_depthsMetrics.json', null, 'db', 18, 96),
        (2975, 'shallows-areas', '/home/toto/share/data/oryci_Enrich_Solid-Tumor_V3/report/data/21T022378_S19_L001_shallowAreas.json', null, 'db', 18, 96),
        (2976, 'variants', '/home/toto/share/data/oryci_Enrich_Solid-Tumor_V3/variants/21T022378_S19_L001_filtered.vcf', 'filtered', 'vcf', 18, 96),
        (2978, 'variants', '/home/toto/share/data/oryci_Enrich_Solid-Tumor_V3/report/data/21T022378_S19_L001_variants_filtered.json', 'filtered', 'db', 18, 96);
		
		
		
insert into public.gen_run_tag (id, key, value, type, run_id)
values  (137, 'flowcell_id', '000000000-JHLN6', 'str', 18),
        (138, 'reagent_kit_id', 'MS3082944-600V3', 'str', 18),
        (139, 'run_idx', '465', 'str', 18),
        (140, 'run_id', '210529_M70265_0465_000000000-JHLN6', 'str', 18),
        (141, 'R1_nb_cycles', '149', 'int', 18),
        (142, 'I1_nb_cycles', '10', 'int', 18),
        (143, 'I2_nb_cycles', '10', 'int', 18),
        (144, 'R2_nb_cycles', '149', 'int', 18);
		
		
		
insert into public.gen_sample_result (result_id, sample_id)
values  (2808, 324),
        (2809, 324),
        (2810, 325),
        (2811, 325),
        (2812, 326),
        (2813, 326),
        (2814, 327),
        (2815, 327),
        (2816, 328),
        (2817, 328),
        (2818, 329),
        (2819, 329),
        (2820, 330),
        (2821, 330),
        (2822, 331),
        (2823, 331),
        (2824, 332),
        (2825, 332),
        (2826, 333),
        (2827, 333),
        (2828, 334),
        (2829, 334),
        (2830, 335),
        (2831, 335),
        (2832, 336),
        (2833, 336),
        (2834, 337),
        (2835, 337),
        (2836, 338),
        (2837, 338),
        (2838, 339),
        (2839, 339),
        (2840, 340),
        (2841, 340),
        (2842, 341),
        (2843, 341),
        (2844, 342),
        (2845, 342),
        (2846, 324),
        (2847, 324),
        (2848, 324),
        (2849, 324),
        (2850, 324),
        (2851, 324),
        (2852, 324),
        (2853, 325),
        (2854, 325),
        (2855, 325),
        (2856, 325),
        (2857, 325),
        (2858, 325),
        (2859, 325),
        (2860, 326),
        (2861, 326),
        (2862, 326),
        (2863, 326),
        (2864, 326),
        (2865, 326),
        (2866, 326),
        (2867, 327),
        (2868, 327),
        (2869, 327),
        (2870, 327),
        (2871, 327),
        (2872, 327),
        (2873, 327),
        (2874, 328),
        (2875, 328),
        (2876, 328),
        (2877, 328),
        (2878, 328),
        (2879, 328),
        (2880, 328),
        (2881, 329),
        (2882, 329),
        (2883, 329),
        (2884, 329),
        (2885, 329),
        (2886, 329),
        (2887, 329),
        (2888, 330),
        (2889, 330),
        (2890, 330),
        (2891, 330),
        (2892, 330),
        (2893, 330),
        (2894, 330),
        (2895, 331),
        (2896, 331),
        (2897, 331),
        (2898, 331),
        (2899, 331),
        (2900, 331),
        (2901, 331),
        (2902, 332),
        (2903, 332),
        (2904, 332),
        (2905, 332),
        (2906, 332),
        (2907, 332),
        (2908, 332),
        (2909, 333),
        (2910, 333),
        (2911, 333),
        (2912, 333),
        (2913, 333),
        (2914, 333),
        (2915, 333),
        (2916, 334),
        (2917, 334),
        (2918, 334),
        (2919, 334),
        (2920, 334),
        (2921, 334),
        (2922, 334),
        (2923, 335),
        (2924, 335),
        (2925, 335),
        (2926, 335),
        (2927, 335),
        (2928, 335),
        (2929, 335),
        (2930, 335),
        (2931, 336),
        (2932, 336),
        (2933, 336),
        (2934, 336),
        (2935, 336),
        (2936, 336),
        (2937, 336),
        (2938, 337),
        (2939, 337),
        (2940, 337),
        (2941, 337),
        (2942, 337),
        (2943, 337),
        (2944, 337),
        (2945, 338),
        (2946, 338),
        (2947, 338),
        (2948, 338),
        (2949, 338),
        (2950, 338),
        (2951, 338),
        (2952, 339),
        (2953, 339),
        (2954, 339),
        (2955, 339),
        (2956, 339),
        (2957, 339),
        (2958, 339),
        (2959, 340),
        (2960, 340),
        (2961, 340),
        (2962, 340),
        (2963, 340),
        (2964, 340),
        (2965, 340),
        (2966, 341),
        (2967, 341),
        (2968, 341),
        (2969, 341),
        (2970, 341),
        (2971, 341),
        (2972, 341),
        (2973, 342),
        (2974, 342),
        (2975, 342),
        (2976, 342),
        (2977, 342),
        (2978, 342),
        (2979, 342);
		
		
insert into public.gen_run_sample (run_id, sample_id)
values  (18, 324),
        (18, 325),
        (18, 326),
        (18, 327),
        (18, 328),
        (18, 329),
        (18, 330),
        (18, 331),
        (18, 332),
        (18, 333),
        (18, 334),
        (18, 335),
        (18, 336),
        (18, 337),
        (18, 338),
        (18, 339),
        (18, 340),
        (18, 341),
        (18, 342);
		

insert into public.gen_result_consumer (result_id, consumer_id)
values  (2808, 96),
        (2809, 96),
        (2810, 96),
        (2811, 96),
        (2812, 96),
        (2813, 96),
        (2814, 96),
        (2815, 96),
        (2816, 96),
        (2817, 96),
        (2818, 96),
        (2819, 96),
        (2820, 96),
        (2821, 96),
        (2822, 96),
        (2823, 96),
        (2824, 96),
        (2825, 96),
        (2826, 96),
        (2827, 96),
        (2828, 96),
        (2829, 96),
        (2830, 96),
        (2831, 96),
        (2832, 96),
        (2833, 96),
        (2834, 96),
        (2835, 96),
        (2836, 96),
        (2837, 96),
        (2838, 96),
        (2839, 96),
        (2840, 96),
        (2841, 96),
        (2842, 96),
        (2843, 96),
        (2844, 96),
        (2845, 96);
		
		

